[{"question": "\u4e00\u7684\u97d3\u6587\u662f?(\u56fa\u6709\u6578\u5b57)", "answer": "\ud558\ub098"}, {"question": "\u4e8c\u7684\u97d3\u6587\u662f?(\u56fa\u6709\u6578\u5b57)", "answer": "\ub458"}, {"question": "\u4e09\u7684\u97d3\u6587\u662f?(\u56fa\u6709\u6578\u5b57)", "answer": "\uc14b"}, {"question": "\u56db\u7684\u97d3\u6587\u662f? (\u56fa\u6709\u6578\u5b57)", "answer": "\ub137"}, {"question": "\u4e94\u7684\u97d3\u6587\u662f?(\u56fa\u6709\u6578\u5b57)", "answer": "\ub2e4\uc12f"}, {"question": "\u516d\u7684\u97d3\u6587\u662f?(\u56fa\u6709\u6578\u5b57)", "answer": "\uc5ec\uc12f"}, {"question": "\u4e03\u7684\u97d3\u6587\u662f?(\u56fa\u6709\u6578\u5b57)", "answer": "\uc77c\uacf1"}, {"question": "\u516b\u7684\u97d3\u6587\u662f?(\u56fa\u6709\u6578\u5b57)", "answer": "\uc5ec\ub35f"}, {"question": "\u4e5d\u7684\u97d3\u6587\u662f?(\u56fa\u6709\u6578\u5b57)", "answer": "\uc544\ud649"}, {"question": "\u5341\u7684\u97d3\u6587\u662f?(\u56fa\u6709\u6578\u5b57)", "answer": "\uc5f4"}, {"question": "\u4e00\u7684\u97d3\u6587\u662f?(\u6f22\u5b57\u6578\u5b57)", "answer": "\uc77c"}, {"question": "\u4e8c\u7684\u97d3\u6587\u662f?(\u6f22\u5b57\u6578\u5b57)", "answer": "\uc774"}, {"question": "\u4e09\u7684\u97d3\u6587\u662f?(\u6f22\u5b57\u6578\u5b57)", "answer": "\uc0bc"}, {"question": "\u56db\u7684\u97d3\u6587\u662f?(\u6f22\u5b57\u6578\u5b57)", "answer": "\uc0ac"}, {"question": "\u4e94\u7684\u97d3\u6587\u662f?(\u6f22\u5b57\u6578\u5b57)", "answer": "\uc624"}, {"question": "\u516d\u7684\u97d3\u6587\u662f?(\u6f22\u5b57\u6578\u5b57)", "answer": "\uc721"}, {"question": "\u4e03\u7684\u97d3\u6587\u662f?(\u6f22\u5b57\u6578\u5b57)", "answer": "\uce60"}, {"question": "\u516b\u7684\u97d3\u6587\u662f?(\u6f22\u5b57\u6578\u5b57)", "answer": "\ud314"}, {"question": "\u4e5d\u7684\u97d3\u6587\u662f?(\u6f22\u5b57\u6578\u5b57)", "answer": "\uad6c"}, {"question": "\u5341\u7684\u97d3\u6587\u662f?(\u6f22\u5b57\u6578\u5b57)", "answer": "\uc2ed"}]